"날짜","종가","시가","고가","저가","거래량","변동 %"
"2021- 12- 31","56,641,000","57,155,000","58,865,000","56,001,000","0.59K","-0.90%"
"2021- 12- 30","57,155,000","56,989,000","58,198,000","56,258,000","2.86K","0.29%"
"2021- 12- 29","56,989,000","58,277,000","58,659,000","56,590,000","1.30K","-2.21%"
"2021- 12- 28","58,278,000","61,400,000","61,412,000","57,900,000","0.60K","-5.08%"
"2021- 12- 27","61,400,000","61,415,000","62,495,000","60,865,000","0.49K","-0.03%"
"2021- 12- 26","61,418,000","61,117,000","61,940,000","60,354,000","0.59K","0.45%"
"2021- 12- 25","61,141,000","61,935,000","62,432,000","61,080,000","0.43K","-1.28%"
"2021- 12- 24","61,935,000","61,480,000","62,829,000","61,224,000","0.54K","0.74%"
"2021- 12- 23","61,480,000","59,600,000","61,860,000","58,991,000","0.79K","3.13%"
"2021- 12- 22","59,614,000","59,951,000","60,584,000","59,513,000","0.54K","-0.51%"
"2021- 12- 21","59,920,000","57,779,000","60,465,000","57,330,000","0.53K","3.66%"
"2021- 12- 20","57,803,000","58,284,000","58,499,000","56,837,000","0.56K","-0.83%"
"2021- 12- 19","58,284,000","58,310,000","59,661,000","57,997,000","0.47K","-0.04%"
"2021- 12- 18","58,310,000","57,914,000","58,799,000","57,102,000","0.39K","0.68%"
"2021- 12- 17","57,914,000","59,547,000","59,948,000","57,243,000","0.73K","-2.74%"
"2021- 12- 16","59,547,000","61,046,000","61,502,000","59,323,000","0.68K","-2.46%"
"2021- 12- 15","61,046,000","59,765,000","61,936,000","58,508,000","0.87K","2.25%"
"2021- 12- 14","59,705,000","58,417,000","60,000,000","57,201,000","0.63K","2.20%"
"2021- 12- 13","58,417,000","61,984,000","62,079,000","58,000,000","0.75K","-5.66%"
"2021- 12- 12","61,924,000","61,412,000","62,841,000","60,864,000","0.48K","0.84%"
"2021- 12- 11","61,410,000","59,663,000","61,490,000","59,500,000","0.49K","2.86%"
"2021- 12- 10","59,705,000","59,191,000","61,901,000","58,990,000","0.73K","0.67%"
"2021- 12- 09","59,307,000","62,073,000","62,350,000","59,050,000","0.80K","-4.44%"
"2021- 12- 08","62,063,000","63,063,000","63,299,000","60,500,000","0.42K","-1.59%"
"2021- 12- 07","63,063,000","62,586,000","63,999,000","62,246,000","0.55K","0.74%"
"2021- 12- 06","62,600,000","61,741,000","62,981,000","58,955,000","0.73K","1.39%"
"2021- 12- 05","61,741,000","62,012,000","63,250,000","59,639,000","0.68K","-0.57%"
"2021- 12- 04","62,092,000","67,962,000","68,060,000","57,000,000","0.80K","-8.64%"
"2021- 12- 03","67,962,000","70,204,000","70,904,000","66,890,000","0.90K","-3.19%"
"2021- 12- 02","70,204,000","70,915,000","71,350,000","69,550,000","0.41K","-1.00%"
"2021- 12- 01","70,915,000","70,600,000","72,007,000","70,250,000","0.12K","0.49%"
"2021- 11- 30","70,566,000","72,203,000","73,040,000","70,000,000","1.20K","-2.26%"
"2021- 11- 29","72,200,000","72,299,000","73,148,000","71,349,000","0.90K","-0.08%"
"2021- 11- 28","72,260,000","70,140,000","72,656,000","68,531,000","0.79K","3.02%"
"2021- 11- 27","70,141,000","68,329,000","70,295,000","68,059,000","0.70K","2.65%"
"2021- 11- 26","68,329,000","73,128,000","73,499,000","67,986,000","1.34K","-6.58%"
"2021- 11- 25","73,138,000","71,670,000","73,950,000","71,066,000","1.14K","2.05%"
"2021- 11- 24","71,670,000","71,617,000","72,340,000","70,050,000","1.19K","0.07%"
"2021- 11- 23","71,618,000","70,421,000","71,995,000","69,400,000","1.14K","1.71%"
"2021- 11- 22","70,416,000","72,963,000","73,429,000","70,051,000","1.39K","-3.49%"
"2021- 11- 21","72,963,000","73,781,000","74,176,000","72,599,000","0.80K","-1.09%"
"2021- 11- 20","73,764,000","71,786,000","74,000,000","71,374,000","1.07K","2.76%"
"2021- 11- 19","71,782,000","70,388,000","72,218,000","69,032,000","0.84K","1.98%"
"2021- 11- 18","70,388,000","73,952,000","74,396,000","69,846,000","1.78K","-4.83%"
"2021- 11- 17","73,962,000","73,882,000","74,581,000","71,822,000","1.10K","0.11%"
"2021- 11- 16","73,884,000","77,530,000","77,558,000","73,126,000","1.10K","-4.74%"
"2021- 11- 15","77,559,000","79,352,000","80,111,000","77,240,000","1.09K","-2.28%"
"2021- 11- 14","79,372,000","77,860,000","79,372,000","77,448,000","0.95K","1.94%"
"2021- 11- 13","77,860,000","78,169,000","78,820,000","77,120,000","0.56K","-0.41%"
"2021- 11- 12","78,179,000","78,860,000","79,133,000","76,601,000","1.00K","-0.84%"
"2021- 11- 11","78,842,000","79,520,000","79,670,000","78,400,000","1.10K","-0.85%"
"2021- 11- 10","79,520,000","80,730,000","82,425,000","77,983,000","2.18K","-1.50%"
"2021- 11- 09","80,729,000","81,504,000","82,475,000","79,815,000","1.34K","-0.95%"
"2021- 11- 08","81,504,000","76,666,000","81,650,000","76,650,000","1.29K","6.28%"
"2021- 11- 07","76,685,000","74,559,000","76,700,000","74,473,000","0.91K","2.84%"
"2021- 11- 06","74,569,000","74,100,000","74,600,000","73,698,000","0.79K","0.62%"
"2021- 11- 05","74,108,000","73,757,000","74,945,000","73,207,000","1.06K","0.48%"
"2021- 11- 04","73,757,000","74,656,000","74,846,000","73,322,000","1.25K","-1.23%"
"2021- 11- 03","74,674,000","74,162,000","74,994,000","72,132,000","1.43K","0.69%"
"2021- 11- 02","74,162,000","72,385,000","75,500,000","72,007,000","1.19K","2.40%"
"2021- 11- 01","72,422,000","72,574,000","73,900,000","71,030,000","0.94K","-0.21%"
"2021- 10- 31","72,574,000","73,681,000","74,500,000","71,824,000","0.81K","-1.49%"
"2021- 10- 30","73,668,000","74,654,000","74,728,000","72,931,000","1.24K","-1.30%"
"2021- 10- 29","74,641,000","73,029,000","75,452,000","72,530,000","1.72K","2.32%"
"2021- 10- 28","72,947,000","71,612,000","74,630,000","70,727,000","1.77K","1.82%"
"2021- 10- 27","71,646,000","73,004,000","73,866,000","70,420,000","1.32K","-1.87%"
"2021- 10- 26","73,012,000","76,280,000","76,442,000","72,796,000","1.61K","-4.28%"
"2021- 10- 25","76,280,000","74,471,000","76,964,000","74,265,000","1.03K","2.44%"
"2021- 10- 24","74,465,000","74,874,000","75,393,000","73,480,000","1.18K","-0.55%"
"2021- 10- 23","74,875,000","74,283,000","75,418,000","73,200,000","0.90K","0.80%"
"2021- 10- 22","74,283,000","76,193,000","77,355,000","73,750,000","1.55K","-2.51%"
"2021- 10- 21","76,196,000","79,644,000","80,460,000","76,146,000","1.62K","-4.31%"
"2021- 10- 20","79,630,000","78,715,000","81,200,000","77,777,000","1.48K","1.16%"
"2021- 10- 19","78,715,000","76,469,000","78,959,000","75,656,000","1.57K","2.90%"
"2021- 10- 18","76,494,000","75,952,000","77,000,000","74,000,000","0.92K","0.71%"
"2021- 10- 17","75,952,000","74,805,000","76,176,000","73,734,000","1.39K","1.53%"
"2021- 10- 16","74,805,000","75,707,000","76,144,000","73,926,000","0.99K","-1.19%"
"2021- 10- 15","75,707,000","69,753,000","76,605,000","69,352,000","1.76K","8.54%"
"2021- 10- 14","69,753,000","69,925,000","71,300,000","69,101,000","1.20K","-0.25%"
"2021- 10- 13","69,925,000","69,239,000","70,637,000","66,800,000","0.51K","1.03%"
"2021- 10- 12","69,211,000","70,954,000","71,136,000","67,162,000","0.72K","-2.46%"
"2021- 10- 11","70,954,000","67,698,000","71,475,000","67,282,000","0.62K","4.81%"
"2021- 10- 10","67,698,000","67,047,000","68,965,000","66,350,000","0.49K","0.97%"
"2021- 10- 09","67,048,000","65,981,000","67,722,000","65,668,000","0.29K","1.62%"
"2021- 10- 08","65,982,000","65,474,000","68,000,000","65,216,000","0.33K","0.78%"
"2021- 10- 07","65,474,000","67,121,000","67,271,000","65,230,000","0.36K","-2.45%"
"2021- 10- 06","67,121,000","61,800,000","67,747,000","61,173,000","1.33K","8.61%"
"2021- 10- 05","61,800,000","59,915,000","62,488,000","59,480,000","0.95K","3.12%"
"2021- 10- 04","59,932,000","58,474,000","60,229,000","57,311,000","0.90K","2.53%"
"2021- 10- 03","58,452,000","58,094,000","59,350,000","57,263,000","0.58K","0.62%"
"2021- 10- 02","58,094,000","58,356,000","58,965,000","57,694,000","0.39K","-0.50%"
"2021- 10- 01","58,386,000","53,475,000","58,533,000","52,970,000","0.72K","9.19%"
"2021- 09- 30","53,473,000","50,804,000","53,640,000","50,666,000","0.51K","5.25%"
"2021- 09- 29","50,804,000","50,268,000","51,800,000","49,861,000","0.45K","1.07%"
"2021- 09- 28","50,268,000","51,711,000","52,096,000","50,135,000","0.59K","-2.76%"
"2021- 09- 27","51,693,000","52,773,000","53,740,000","51,602,000","0.46K","-2.08%"
"2021- 09- 26","52,789,000","52,324,000","53,543,000","50,594,000","0.40K","0.89%"
"2021- 09- 25","52,324,000","52,158,000","52,400,000","50,911,000","0.36K","0.32%"
"2021- 09- 24","52,158,000","54,363,000","54,614,000","50,730,000","0.67K","-4.06%"
"2021- 09- 23","54,363,000","53,828,000","54,600,000","52,633,000","0.55K","0.98%"
"2021- 09- 22","53,833,000","50,659,000","54,121,000","50,071,000","0.89K","6.42%"
"2021- 09- 21","50,586,000","53,830,000","54,276,000","50,135,000","1.58K","-6.01%"
"2021- 09- 20","53,819,000","57,987,000","58,115,000","53,376,000","0.94K","-7.19%"
"2021- 09- 19","57,987,000","58,614,000","58,720,000","57,380,000","0.42K","-1.09%"
"2021- 09- 18","58,625,000","57,616,000","58,953,000","57,523,000","0.28K","1.75%"
"2021- 09- 17","57,616,000","57,248,000","57,801,000","56,868,000","0.42K","0.64%"
"2021- 09- 16","57,248,000","57,095,000","57,516,000","56,370,000","0.42K","0.21%"
"2021- 09- 15","57,127,000","56,605,000","57,694,000","55,895,000","0.88K","1.01%"
"2021- 09- 14","56,557,000","54,286,000","56,822,000","54,044,000","0.73K","4.18%"
"2021- 09- 13","54,286,000","55,084,000","56,698,000","53,307,000","0.55K","-1.45%"
"2021- 09- 12","55,084,000","54,742,000","55,570,000","54,250,000","0.49K","0.62%"
"2021- 09- 11","54,742,000","54,910,000","55,413,000","54,289,000","0.24K","-0.31%"
"2021- 09- 10","54,910,000","55,826,000","56,646,000","54,500,000","0.75K","-1.64%"
"2021- 09- 09","55,826,000","55,623,000","56,549,000","54,700,000","0.57K","0.36%"
"2021- 09- 08","55,623,000","56,603,000","57,210,000","52,901,000","0.52K","-1.76%"
"2021- 09- 07","56,620,000","60,851,000","61,143,000","54,467,000","3.33K","-6.95%"
"2021- 09- 06","60,851,000","59,280,000","61,051,000","58,803,000","0.74K","2.65%"
"2021- 09- 05","59,280,000","57,918,000","59,567,000","57,217,000","0.84K","2.35%"
"2021- 09- 04","57,918,000","57,825,000","58,470,000","57,301,000","0.43K","0.15%"
"2021- 09- 03","57,830,000","57,272,000","59,143,000","56,421,000","0.62K","0.93%"
"2021- 09- 02","57,297,000","56,480,000","58,427,000","56,352,000","0.48K","1.45%"
"2021- 09- 01","56,480,000","55,164,000","56,981,000","54,467,000","0.67K","2.39%"
"2021- 08- 31","55,160,000","55,631,000","56,360,000","54,980,000","0.61K","-0.85%"
"2021- 08- 30","55,631,000","57,181,000","57,350,000","55,420,000","0.58K","-2.72%"
"2021- 08- 29","57,186,000","57,382,000","58,000,000","56,366,000","0.33K","-0.34%"
"2021- 08- 28","57,382,000","57,421,000","57,853,000","56,610,000","0.24K","-0.07%"
"2021- 08- 27","57,421,000","55,235,000","57,650,000","54,582,000","0.48K","4.02%"
"2021- 08- 26","55,200,000","57,154,000","57,441,000","54,510,000","0.46K","-3.42%"
"2021- 08- 25","57,154,000","56,107,000","57,339,000","55,145,000","0.51K","1.87%"
"2021- 08- 24","56,107,000","57,727,000","57,828,000","55,862,000","0.94K","-2.80%"
"2021- 08- 23","57,725,000","57,665,000","58,705,000","57,398,000","0.53K","0.07%"
"2021- 08- 22","57,684,000","57,500,000","58,072,000","56,665,000","0.58K","0.32%"
"2021- 08- 21","57,500,000","57,646,000","58,351,000","56,759,000","0.62K","-0.25%"
"2021- 08- 20","57,646,000","54,940,000","57,934,000","54,746,000","1.20K","4.92%"
"2021- 08- 19","54,941,000","52,689,000","55,000,000","51,856,000","0.82K","4.24%"
"2021- 08- 18","52,705,000","52,553,000","53,700,000","51,802,000","0.77K","0.32%"
"2021- 08- 17","52,536,000","53,835,000","54,641,000","52,364,000","1.29K","-2.41%"
"2021- 08- 16","53,835,000","54,637,000","55,660,000","53,700,000","0.92K","-1.47%"
"2021- 08- 15","54,637,000","54,869,000","55,179,000","53,245,000","0.66K","-0.42%"
"2021- 08- 14","54,870,000","55,299,000","55,678,000","53,517,000","0.68K","-0.78%"
"2021- 08- 13","55,299,000","52,058,000","55,419,000","51,834,000","1.10K","6.23%"
"2021- 08- 12","52,058,000","52,546,000","53,358,000","51,393,000","0.65K","-0.96%"
"2021- 08- 11","52,561,000","52,322,000","53,483,000","52,201,000","0.92K","0.44%"
"2021- 08- 10","52,331,000","53,011,000","53,390,000","51,806,000","0.75K","-1.28%"
"2021- 08- 09","53,011,000","50,820,000","53,204,000","49,459,000","1.03K","4.44%"
"2021- 08- 08","50,757,000","51,015,000","51,733,000","50,163,000","0.78K","-0.48%"
"2021- 08- 07","51,003,000","49,366,000","51,158,000","49,030,000","1.02K","3.39%"
"2021- 08- 06","49,332,000","47,112,000","49,891,000","46,150,000","1.54K","4.67%"
"2021- 08- 05","47,132,000","45,772,000","47,700,000","43,739,000","1.46K","2.96%"
"2021- 08- 04","45,777,000","44,859,000","46,005,000","43,903,000","0.69K","2.05%"
"2021- 08- 03","44,859,000","45,403,000","46,158,000","44,326,000","0.61K","-1.20%"
"2021- 08- 02","45,403,000","46,240,000","46,802,000","45,043,000","0.60K","-1.81%"
"2021- 08- 01","46,240,000","47,959,000","49,372,000","46,035,000","0.94K","-3.68%"
"2021- 07- 31","48,005,000","48,516,000","48,734,000","47,606,000","0.42K","-1.05%"
"2021- 07- 30","48,516,000","45,980,000","48,640,000","44,350,000","1.19K","5.52%"
"2021- 07- 29","45,980,000","46,335,000","46,900,000","45,486,000","0.53K","-0.76%"
"2021- 07- 28","46,334,000","45,616,000","47,400,000","45,020,000","0.80K","1.57%"
"2021- 07- 27","45,616,000","43,075,000","45,616,000","42,020,000","0.82K","5.92%"
"2021- 07- 26","43,066,000","41,090,000","46,865,000","40,915,000","2.61K","4.84%"
"2021- 07- 25","41,078,000","40,486,000","41,123,000","39,631,000","0.50K","3.81%"
"2021- 07- 24","39,569,000","39,150,000","39,814,000","38,976,000","1.87K","1.11%"
"2021- 07- 23","39,135,000","37,910,000","39,149,000","37,750,000","0.77K","3.23%"
"2021- 07- 22","37,910,000","38,013,000","38,382,000","37,445,000","0.40K","-0.26%"
"2021- 07- 21","38,010,000","35,256,000","38,446,000","34,917,000","1.16K","7.81%"
"2021- 07- 20","35,256,000","36,711,000","36,870,000","34,782,000","0.50K","-3.96%"
"2021- 07- 19","36,711,000","37,620,000","37,690,000","36,398,000","0.51K","-2.42%"
"2021- 07- 18","37,620,000","37,200,000","38,150,000","36,969,000","0.34K","1.07%"
"2021- 07- 17","37,221,000","37,101,000","37,629,000","36,813,000","0.44K","0.32%"
"2021- 07- 16","37,101,000","37,576,000","38,030,000","36,689,000","0.47K","-1.26%"
"2021- 07- 15","37,576,000","38,585,000","39,052,000","37,000,000","0.56K","-2.66%"
"2021- 07- 14","38,602,000","38,753,000","38,982,000","37,475,000","0.38K","-0.39%"
"2021- 07- 13","38,753,000","39,137,000","39,288,000","38,201,000","0.52K","-0.98%"
"2021- 07- 12","39,137,000","40,164,000","40,546,000","38,701,000","0.65K","-2.51%"
"2021- 07- 11","40,146,000","39,618,000","40,550,000","39,270,000","0.40K","1.33%"
"2021- 07- 10","39,618,000","39,825,000","40,255,000","39,183,000","0.40K","-0.52%"
"2021- 07- 09","39,825,000","38,968,000","40,050,000","38,161,000","0.43K","2.06%"
"2021- 07- 08","39,022,000","39,699,000","39,793,000","38,142,000","0.57K","-1.69%"
"2021- 07- 07","39,692,000","39,849,000","40,680,000","39,611,000","0.68K","-0.31%"
"2021- 07- 06","39,814,000","39,462,000","40,100,000","39,462,000","0.04K","0.84%"
"2021- 07- 05","39,484,000","40,914,000","40,914,000","39,484,000","0.70K","-3.50%"
"2021- 07- 04","40,914,000","41,183,000","41,207,000","40,914,000","0.55K","1.44%"
"2021- 07- 03","40,335,000","39,413,000","40,335,000","39,196,000","0.19K","2.33%"
"2021- 07- 02","39,417,000","39,335,000","39,417,000","39,335,000","0.52K","0.21%"
"2021- 07- 01","39,335,000","40,705,000","40,705,000","38,941,000","0.73K","-3.32%"
"2021- 06- 30","40,685,000","41,535,000","41,535,000","40,610,000","1.02K","-1.92%"
"2021- 06- 29","41,482,000","39,997,000","41,980,000","39,997,000","0.92K","3.71%"
"2021- 06- 28","39,997,000","39,994,000","39,997,000","39,541,000","0.88K","0.05%"
"2021- 06- 27","39,976,000","37,690,000","39,976,000","37,690,000","1.14K","6.07%"
"2021- 06- 26","37,689,000","37,122,000","37,689,000","36,993,000","0.93K","1.58%"
"2021- 06- 25","37,101,000","40,177,000","40,177,000","37,101,000","1.81K","-7.66%"
"2021- 06- 24","40,177,000","39,079,000","40,177,000","39,079,000","1.42K","2.81%"
"2021- 06- 23","39,079,000","37,826,000","39,916,000","37,826,000","1.50K","3.31%"
"2021- 06- 22","37,826,000","37,260,000","37,826,000","36,670,000","3.47K","1.51%"
"2021- 06- 21","37,264,000","41,856,000","41,856,000","37,264,000","2.06K","-10.97%"
"2021- 06- 20","41,856,000","42,039,000","42,039,000","41,856,000","0.88K","-0.44%"
"2021- 06- 19","42,039,000","42,560,000","42,560,000","41,965,000","0.59K","-1.14%"
"2021- 06- 18","42,523,000","44,769,000","44,769,000","42,523,000","1.71K","-5.02%"
"2021- 06- 17","44,769,000","45,234,000","45,800,000","44,769,000","1.07K","-1.03%"
"2021- 06- 16","45,234,000","46,375,000","46,375,000","45,151,000","2.05K","-2.46%"
"2021- 06- 15","46,373,000","46,548,000","46,548,000","46,150,000","1.15K","-0.41%"
"2021- 06- 14","46,563,000","44,791,000","46,563,000","44,791,000","1.29K","3.94%"
"2021- 06- 13","44,800,000","41,384,000","44,800,000","41,111,000","2.01K","8.31%"
"2021- 06- 12","41,361,000","43,596,000","43,596,000","41,361,000","0.48K","-5.08%"
"2021- 06- 11","43,574,000","42,785,000","43,574,000","42,785,000","1.09K","1.90%"
"2021- 06- 10","42,761,000","43,232,000","43,232,000","42,477,000","1.57K","-1.15%"
"2021- 06- 09","43,259,000","38,531,000","43,259,000","38,531,000","2.66K","12.27%"
"2021- 06- 08","38,531,000","38,953,000","38,953,000","38,531,000","1.24K","-1.08%"
"2021- 06- 07","38,953,000","41,773,000","41,773,000","38,953,000","2.70K","-6.77%"
"2021- 06- 06","41,780,000","41,982,000","41,982,000","41,780,000","0.58K","-0.48%"
"2021- 06- 05","41,982,000","42,945,000","42,945,000","41,782,000","1.03K","-2.31%"
"2021- 06- 04","42,973,000","45,487,000","45,487,000","42,973,000","0.68K","-5.43%"
"2021- 06- 03","45,440,000","43,720,000","45,440,000","43,720,000","0.86K","3.93%"
"2021- 06- 02","43,720,000","43,208,000","43,720,000","43,198,000","0.90K","1.18%"
"2021- 06- 01","43,208,000","43,659,000","43,659,000","43,208,000","1.03K","-1.07%"
"2021- 05- 31","43,675,000","43,143,000","43,675,000","41,933,000","1.04K","1.23%"
"2021- 05- 30","43,145,000","42,669,000","43,418,000","42,669,000","0.91K","1.14%"
"2021- 05- 29","42,660,000","43,630,000","43,630,000","42,124,000","1.53K","-2.25%"
"2021- 05- 28","43,641,000","46,483,000","46,483,000","43,641,000","1.78K","-6.18%"
"2021- 05- 27","46,514,000","47,285,000","47,311,000","46,514,000","1.13K","-1.63%"
"2021- 05- 26","47,285,000","47,013,000","48,620,000","47,013,000","1.13K","0.64%"
"2021- 05- 25","46,984,000","47,233,000","47,233,000","46,902,000","1.45K","-0.25%"
"2021- 05- 24","47,100,000","42,499,000","47,100,000","42,499,000","2.17K","10.90%"
"2021- 05- 23","42,471,000","47,312,000","47,312,000","42,471,000","3.57K","-10.16%"
"2021- 05- 22","47,273,000","48,934,000","48,934,000","46,258,000","1.20K","-3.39%"
"2021- 05- 21","48,930,000","51,214,000","51,214,000","48,930,000","3.16K","-4.90%"
"2021- 05- 20","51,450,000","50,282,000","51,450,000","49,290,000","0.95K","2.32%"
"2021- 05- 19","50,282,000","53,150,000","53,150,000","50,282,000","3.83K","-5.40%"
"2021- 05- 18","53,153,000","54,062,000","54,062,000","53,153,000","1.65K","-1.66%"
"2021- 05- 17","54,050,000","57,483,000","57,483,000","54,050,000","1.83K","-6.06%"
"2021- 05- 16","57,538,000","58,248,000","59,833,000","57,538,000","2.48K","-1.17%"
"2021- 05- 15","58,217,000","61,568,000","61,568,000","58,217,000","1.57K","-5.38%"
"2021- 05- 14","61,526,000","62,879,000","62,879,000","61,526,000","1.13K","-2.15%"
"2021- 05- 13","62,879,000","61,103,000","62,879,000","61,103,000","1.58K","2.93%"
"2021- 05- 12","61,088,000","69,552,000","69,552,000","61,088,000","3.55K","-12.17%"
"2021- 05- 11","69,550,000","70,728,000","70,728,000","67,843,000","1.13K","-1.67%"
"2021- 05- 10","70,731,000","71,299,000","71,850,000","70,731,000","1.90K","-0.78%"
"2021- 05- 09","71,285,000","71,704,000","71,704,000","71,280,000","0.91K","-0.59%"
"2021- 05- 08","71,709,000","68,669,000","71,709,000","68,669,000","1.79K","4.46%"
"2021- 05- 07","68,647,000","68,398,000","69,122,000","68,398,000","2.00K","0.36%"
"2021- 05- 06","68,398,000","68,629,000","69,394,000","68,398,000","2.20K","-0.32%"
"2021- 05- 05","68,620,000","66,499,000","68,620,000","66,499,000","1.61K","2.91%"
"2021- 05- 04","66,679,000","69,876,000","70,106,000","66,679,000","1.18K","-4.58%"
"2021- 05- 03","69,876,000","68,334,000","69,876,000","68,334,000","1.12K","2.25%"
"2021- 05- 02","68,340,000","68,894,000","68,894,000","68,340,000","0.57K","-0.81%"
"2021- 05- 01","68,898,000","68,054,000","68,898,000","68,054,000","0.67K","1.21%"
"2021- 04- 30","68,075,000","63,712,000","68,075,000","63,712,000","1.18K","6.85%"
"2021- 04- 29","63,710,000","64,100,000","64,100,000","63,710,000","0.92K","-0.63%"
"2021- 04- 28","64,116,000","64,767,000","64,767,000","64,064,000","0.91K","-0.96%"
"2021- 04- 27","64,738,000","64,199,000","64,738,000","64,146,000","0.88K","0.84%"
"2021- 04- 26","64,196,000","59,700,000","64,196,000","59,700,000","1.48K","7.54%"
"2021- 04- 25","59,696,000","60,814,000","60,923,000","59,696,000","1.81K","-1.84%"
"2021- 04- 24","60,813,000","61,355,000","61,355,000","60,398,000","1.27K","-0.92%"
"2021- 04- 23","61,380,000","59,500,000","61,380,000","57,124,000","2.28K","3.16%"
"2021- 04- 22","59,500,000","67,884,000","67,884,000","59,500,000","3.46K","-12.25%"
"2021- 04- 21","67,805,000","70,299,000","70,299,000","67,805,000","1.24K","-3.53%"
"2021- 04- 20","70,289,000","71,001,000","71,001,000","69,713,000","1.28K","-1.00%"
"2021- 04- 19","71,001,000","75,810,000","75,810,000","71,001,000","1.85K","-6.31%"
"2021- 04- 18","75,783,000","77,956,000","77,956,000","72,986,000","1.63K","-2.79%"
"2021- 04- 17","77,959,000","79,250,000","79,250,000","77,646,000","1.05K","-1.58%"
"2021- 04- 16","79,213,000","79,425,000","79,524,000","79,110,000","1.16K","-0.27%"
"2021- 04- 15","79,425,000","80,171,000","80,171,000","79,425,000","0.93K","-0.93%"
"2021- 04- 14","80,171,000","80,663,000","80,663,000","80,146,000","1.16K","-0.61%"
"2021- 04- 13","80,661,000","78,009,000","80,661,000","78,009,000","1.39K","3.45%"
"2021- 04- 12","77,974,000","78,500,000","78,500,000","77,949,000","0.63K","-0.71%"
"2021- 04- 11","78,534,000","78,310,000","78,757,000","78,310,000","0.56K","0.30%"
"2021- 04- 10","78,303,000","75,655,000","78,303,000","75,655,000","1.10K","3.52%"
"2021- 04- 09","75,642,000","75,132,000","75,642,000","75,132,000","0.70K","0.61%"
"2021- 04- 08","75,183,000","72,980,000","75,183,000","72,391,000","0.97K","3.11%"
"2021- 04- 07","72,914,000","77,793,000","78,550,000","72,914,000","1.29K","-6.27%"
"2021- 04- 06","77,792,000","78,300,000","78,300,000","77,792,000","1.34K","-0.65%"
"2021- 04- 05","78,300,000","73,924,000","78,300,000","73,924,000","1.71K","5.92%"
"2021- 04- 04","73,924,000","72,076,000","74,121,000","72,076,000","0.81K","2.56%"
"2021- 04- 03","72,076,000","73,697,000","74,672,000","72,076,000","1.77K","-2.20%"
"2021- 04- 02","73,697,000","72,292,000","73,697,000","72,292,000","0.86K","1.91%"
"2021- 04- 01","72,314,000","71,001,000","72,402,000","71,001,000","1.14K","1.89%"
"2021- 03- 31","70,974,000","70,455,000","70,974,000","70,455,000","1.15K","0.72%"
"2021- 03- 30","70,470,000","68,407,000","70,470,000","68,407,000","0.65K","3.04%"
"2021- 03- 29","68,391,000","67,025,000","68,391,000","66,877,000","1.08K","2.02%"
"2021- 03- 28","67,035,000","66,428,000","67,035,000","66,428,000","0.68K","0.79%"
"2021- 03- 27","66,510,000","65,601,000","66,510,000","65,601,000","0.92K","1.39%"
"2021- 03- 26","65,601,000","63,146,000","65,601,000","63,146,000","0.79K","4.02%"
"2021- 03- 25","63,066,000","64,700,000","64,700,000","63,066,000","1.11K","-2.53%"
"2021- 03- 24","64,700,000","65,347,000","66,358,000","64,700,000","1.72K","-0.94%"
"2021- 03- 23","65,314,000","64,452,000","65,654,000","64,452,000","1.09K","1.34%"
"2021- 03- 22","64,453,000","67,103,000","67,306,000","64,453,000","1.74K","-3.94%"
"2021- 03- 21","67,097,000","67,470,000","67,470,000","67,097,000","0.80K","-0.56%"
"2021- 03- 20","67,473,000","67,729,000","68,476,000","67,473,000","1.15K","-0.37%"
"2021- 03- 19","67,726,000","66,905,000","67,726,000","66,905,000","0.85K","1.23%"
"2021- 03- 18","66,900,000","68,342,000","68,342,000","66,900,000","1.63K","-2.12%"
"2021- 03- 17","68,346,000","65,998,000","68,346,000","63,726,000","2.17K","3.56%"
"2021- 03- 16","65,997,000","64,432,000","65,997,000","63,078,000","0.98K","2.43%"
"2021- 03- 15","64,429,000","68,567,000","68,567,000","63,839,000","1.31K","-6.01%"
"2021- 03- 14","68,550,000","70,588,000","70,815,000","68,550,000","0.78K","-2.91%"
"2021- 03- 13","70,604,000","66,447,000","70,604,000","66,447,000","1.55K","6.23%"
"2021- 03- 12","66,465,000","66,103,000","66,684,000","66,103,000","1.24K","0.55%"
"2021- 03- 11","66,103,000","64,206,000","66,103,000","64,206,000","1.74K","3.04%"
"2021- 03- 10","64,151,000","62,950,000","64,237,000","62,950,000","2.10K","1.96%"
"2021- 03- 09","62,916,000","59,796,000","62,916,000","59,579,000","1.32K","5.25%"
"2021- 03- 08","59,777,000","58,016,000","59,777,000","58,016,000","4.55K","3.04%"
"2021- 03- 07","58,016,000","56,073,000","58,016,000","56,073,000","1.15K","3.44%"
"2021- 03- 06","56,086,000","56,533,000","56,533,000","56,086,000","4.16K","-0.74%"
"2021- 03- 05","56,506,000","56,325,000","56,506,000","56,325,000","6.09K","0.28%"
"2021- 03- 04","56,351,000","57,782,000","57,782,000","55,914,000","1.92K","-2.58%"
"2021- 03- 03","57,841,000","55,927,000","57,841,000","55,927,000","1.54K","3.36%"
"2021- 03- 02","55,963,000","56,376,000","56,376,000","55,776,000","5.89K","-0.70%"
"2021- 03- 01","56,355,000","51,795,000","56,355,000","51,795,000","3.22K","8.81%"
"2021- 02- 28","51,790,000","53,396,000","53,396,000","51,790,000","4.49K","-3.03%"
"2021- 02- 27","53,409,000","53,591,000","53,591,000","53,409,000","7.76K","-0.33%"
"2021- 02- 26","53,588,000","53,958,000","53,958,000","53,364,000","6.49K","-0.70%"
"2021- 02- 25","53,964,000","56,502,000","56,502,000","53,964,000","4.07K","-4.49%"
"2021- 02- 24","56,500,000","55,099,000","56,595,000","55,099,000","1.59K","2.56%"
"2021- 02- 23","55,088,000","61,712,000","61,712,000","54,161,000","3.23K","-10.75%"
"2021- 02- 22","61,723,000","65,418,000","65,418,000","61,723,000","2.88K","-5.65%"
"2021- 02- 21","65,418,000","64,218,000","65,418,000","64,218,000","1.04K","1.90%"
"2021- 02- 20","64,200,000","63,505,000","64,996,000","63,505,000","2.33K","1.10%"
"2021- 02- 19","63,502,000","57,774,000","63,502,000","57,774,000","2.53K","9.84%"
"2021- 02- 18","57,811,000","57,543,000","57,811,000","57,399,000","0.75K","0.52%"
"2021- 02- 17","57,513,000","54,748,000","57,513,000","54,748,000","1.43K","4.99%"
"2021- 02- 16","54,780,000","52,490,000","54,780,000","52,490,000","1.21K","4.35%"
"2021- 02- 15","52,498,000","52,631,000","52,631,000","51,795,000","1.04K","-0.26%"
"2021- 02- 14","52,636,000","50,611,000","52,636,000","50,611,000","1.00K","4.08%"
"2021- 02- 13","50,571,000","50,879,000","51,210,000","50,571,000","1.11K","-0.52%"
"2021- 02- 12","50,835,000","51,482,000","51,482,000","50,835,000","1.06K","-1.30%"
"2021- 02- 11","51,504,000","48,579,000","51,504,000","48,579,000","2.01K","6.02%"
"2021- 02- 10","48,580,000","48,645,000","48,645,000","47,970,000","1.81K","-0.14%"
"2021- 02- 09","48,649,000","49,158,000","49,748,000","48,649,000","1.67K","-1.02%"
"2021- 02- 08","49,150,000","42,098,000","49,150,000","42,098,000","4.72K","16.77%"
"2021- 02- 07","42,091,000","41,713,000","42,091,000","41,265,000","1.52K","0.85%"
"2021- 02- 06","41,737,000","40,458,000","43,032,000","40,458,000","2.38K","3.10%"
"2021- 02- 05","40,482,000","39,808,000","40,482,000","39,808,000","1.17K","1.66%"
"2021- 02- 04","39,820,000","39,353,000","39,820,000","39,353,000","1.57K","1.19%"
"2021- 02- 03","39,353,000","37,902,000","39,353,000","37,902,000","1.70K","3.89%"
"2021- 02- 02","37,878,000","36,527,000","37,878,000","36,527,000","1.84K","3.73%"
"2021- 02- 01","36,517,000","36,353,000","37,028,000","36,353,000","1.43K","0.45%"
"2021- 01- 31","36,355,000","36,972,000","36,972,000","36,355,000","1.78K","-1.64%"
"2021- 01- 30","36,961,000","37,470,000","37,470,000","36,662,000","2.00K","-1.46%"
"2021- 01- 29","37,509,000","36,635,000","40,308,000","36,635,000","2.92K","2.45%"
"2021- 01- 28","36,613,000","34,315,000","36,613,000","34,315,000","2.25K","6.70%"
"2021- 01- 27","34,315,000","35,950,000","35,950,000","34,315,000","2.75K","-4.55%"
"2021- 01- 26","35,950,000","36,021,000","36,060,000","35,950,000","1.82K","-0.31%"
"2021- 01- 25","36,061,000","35,545,000","36,372,000","35,545,000","2.87K","1.52%"
"2021- 01- 24","35,521,000","35,495,000","35,521,000","35,495,000","1.77K","0.12%"
"2021- 01- 23","35,479,000","36,365,000","36,365,000","35,379,000","0.96K","-2.44%"
"2021- 01- 22","36,365,000","34,401,000","36,365,000","34,401,000","2.12K","5.75%"
"2021- 01- 21","34,389,000","39,252,000","39,252,000","34,389,000","5.03K","-12.44%"
"2021- 01- 20","39,277,000","39,466,000","39,466,000","38,339,000","2.07K","-0.48%"
"2021- 01- 19","39,465,000","39,994,000","40,237,000","39,465,000","1.90K","-1.32%"
"2021- 01- 18","39,994,000","39,562,000","39,994,000","39,109,000","1.16K","1.12%"
"2021- 01- 17","39,552,000","40,065,000","40,065,000","39,552,000","1.39K","-1.32%"
"2021- 01- 16","40,083,000","41,011,000","41,011,000","40,083,000","1.54K","-2.34%"
"2021- 01- 15","41,045,000","42,742,000","42,742,000","41,045,000","4.01K","-4.02%"
"2021- 01- 14","42,762,000","41,393,000","42,762,000","41,393,000","3.67K","3.28%"
"2021- 01- 13","41,403,000","38,541,000","41,403,000","37,330,000","4.08K","7.43%"
"2021- 01- 12","38,541,000","40,362,000","40,362,000","38,541,000","2.87K","-4.46%"
"2021- 01- 11","40,340,000","43,406,000","43,406,000","35,135,000","9.55K","-7.15%"
"2021- 01- 10","43,447,000","45,603,000","46,620,000","43,447,000","6.30K","-4.75%"
"2021- 01- 09","45,614,000","47,231,000","47,231,000","45,614,000","2.45K","-3.44%"
"2021- 01- 08","47,241,000","44,592,000","47,241,000","44,592,000","3.88K","5.98%"
"2021- 01- 07","44,575,000","40,760,000","44,575,000","40,760,000","5.59K","9.44%"
"2021- 01- 06","40,731,000","37,989,000","40,731,000","37,989,000","4.25K","7.29%"
"2021- 01- 05","37,962,000","36,475,000","37,962,000","35,190,000","4.17K","4.01%"
"2021- 01- 04","36,499,000","37,553,000","38,113,000","36,499,000","2.92K","-2.89%"
"2021- 01- 03","37,586,000","35,705,000","37,586,000","35,705,000","5.43K","5.27%"
"2021- 01- 02","35,705,000","32,314,000","36,184,000","32,314,000","6.98K","10.50%"
"2021- 01- 01","32,312,000","32,023,000","32,414,000","32,023,000","1.36K","0.89%"
"2020- 12- 31","32,026,000","31,886,000","32,026,000","31,886,000","1.41K","0.44%"
"2020- 12- 30","31,886,000","30,445,000","31,886,000","30,445,000","2.50K","4.72%"
"2020- 12- 29","30,450,000","30,199,000","30,450,000","30,199,000","2.11K","0.83%"
"2020- 12- 28","30,199,000","29,356,000","30,199,000","29,356,000","1.76K","2.88%"
"2020- 12- 27","29,355,000","29,371,000","31,268,000","29,355,000","3.59K","-0.10%"
"2020- 12- 26","29,385,000","27,136,000","29,385,000","27,136,000","4.43K","8.29%"
"2020- 12- 25","27,135,000","26,466,000","27,135,000","26,466,000","2.48K","2.48%"
"2020- 12- 24","26,479,000","26,383,000","26,479,000","26,117,000","2.10K","0.39%"
"2020- 12- 23","26,376,000","26,777,000","26,777,000","26,376,000","2.98K","-1.52%"
"2020- 12- 22","26,782,000","25,329,000","26,782,000","25,252,000","2.10K","5.71%"
"2020- 12- 21","25,335,000","25,894,000","25,894,000","25,335,000","2.25K","-2.17%"
"2020- 12- 20","25,896,000","26,183,000","26,183,000","25,868,000","2.24K","-1.10%"
"2020- 12- 19","26,183,000","25,154,000","26,183,000","25,120,000","2.53K","4.09%"
"2020- 12- 18","25,153,000","24,690,000","25,153,000","24,690,000","1.29K","1.83%"
"2020- 12- 17","24,702,000","22,907,000","24,702,000","22,907,000","3.43K","7.78%"
"2020- 12- 16","22,918,000","21,090,000","22,918,000","21,090,000","3.48K","8.67%"
"2020- 12- 15","21,090,000","20,933,000","21,111,000","20,868,000","0.72K","0.75%"
"2020- 12- 14","20,933,000","20,790,000","20,933,000","20,790,000","1.19K","0.69%"
"2020- 12- 13","20,790,000","20,573,000","20,790,000","20,573,000","0.97K","1.12%"
"2020- 12- 12","20,560,000","19,648,000","20,560,000","19,648,000","1.16K","4.64%"
"2020- 12- 11","19,648,000","19,921,000","19,921,000","19,648,000","0.66K","-1.36%"
"2020- 12- 10","19,919,000","20,262,000","20,262,000","19,919,000","0.79K","-1.69%"
"2020- 12- 09","20,262,000","20,034,000","20,262,000","20,034,000","0.99K","1.18%"
"2020- 12- 08","20,025,000","20,855,000","20,855,000","20,025,000","1.21K","-3.98%"
"2020- 12- 07","20,855,000","20,969,000","20,969,000","20,855,000","0.74K","-0.57%"
"2020- 12- 06","20,974,000","20,798,000","20,974,000","20,798,000","0.77K","0.85%"
"2020- 12- 05","20,798,000","20,526,000","20,798,000","20,526,000","0.29K","1.29%"
"2020- 12- 04","20,533,000","21,168,000","21,168,000","20,533,000","0.98K","-3.00%"
"2020- 12- 03","21,168,000","21,091,000","21,168,000","20,905,000","0.65K","0.35%"
"2020- 12- 02","21,094,000","20,866,000","21,094,000","20,866,000","0.85K","1.18%"
"2020- 12- 01","20,848,000","21,302,000","21,302,000","20,848,000","1.83K","-2.13%"
"2020- 11- 30","21,302,000","19,996,000","21,302,000","19,996,000","2.52K","6.50%"
"2020- 11- 29","20,002,000","19,480,000","20,002,000","19,281,000","0.83K","2.68%"
"2020- 11- 28","19,480,000","19,118,000","19,480,000","19,118,000","1.61K","1.89%"
"2020- 11- 27","19,119,000","19,236,000","19,236,000","19,119,000","1.44K","-0.67%"
"2020- 11- 26","19,248,000","20,838,000","20,838,000","19,248,000","2.31K","-7.65%"
"2020- 11- 25","20,843,000","20,950,000","20,950,000","20,843,000","1.74K","-0.51%"
"2020- 11- 24","20,950,000","20,120,000","21,112,000","20,120,000","1.87K","4.07%"
"2020- 11- 23","20,131,000","20,292,000","20,292,000","19,994,000","1.59K","-0.86%"
"2020- 11- 22","20,305,000","20,371,000","20,371,000","20,041,000","1.38K","-0.32%"
"2020- 11- 21","20,371,000","20,636,000","20,636,000","20,371,000","1.51K","-1.28%"
"2020- 11- 20","20,636,000","19,799,000","20,636,000","19,799,000","1.54K","4.26%"
"2020- 11- 19","19,793,000","19,724,000","19,793,000","19,491,000","1.05K","0.35%"
"2020- 11- 18","19,724,000","19,350,000","19,724,000","19,350,000","1.99K","1.93%"
"2020- 11- 17","19,350,000","18,268,000","19,350,000","18,268,000","2.05K","5.92%"
"2020- 11- 16","18,268,000","17,671,000","18,268,000","17,671,000","1.45K","3.38%"
"2020- 11- 15","17,671,000","17,792,000","17,792,000","17,671,000","0.63K","-0.68%"
"2020- 11- 14","17,792,000","17,976,000","17,976,000","17,792,000","0.56K","-1.06%"
"2020- 11- 13","17,982,000","17,962,000","17,982,000","17,962,000","0.73K","0.07%"
"2020- 11- 12","17,969,000","17,405,000","17,969,000","17,405,000","1.92K","3.24%"
"2020- 11- 11","17,405,000","17,015,000","17,405,000","17,015,000","1.23K","2.29%"
"2020- 11- 10","17,015,000","17,102,000","17,102,000","17,013,000","0.56K","-0.51%"
"2020- 11- 09","17,102,000","17,295,000","17,349,000","16,963,000","1.20K","-1.12%"
"2020- 11- 08","17,295,000","16,650,000","17,295,000","16,650,000","0.91K","3.87%"
"2020- 11- 07","16,650,000","17,384,000","17,384,000","16,650,000","2.44K","-4.19%"
"2020- 11- 06","17,379,000","17,376,000","17,379,000","17,376,000","0.88K","0.00%"
"2020- 11- 05","17,379,000","15,962,000","17,379,000","15,962,000","2.80K","8.88%"
"2020- 11- 04","15,962,000","15,859,000","15,962,000","15,582,000","1.35K","0.68%"
"2020- 11- 03","15,854,000","15,399,000","15,854,000","15,399,000","1.06K","2.95%"
"2020- 11- 02","15,399,000","15,560,000","15,560,000","15,216,000","0.57K","-1.03%"
"2020- 11- 01","15,560,000","15,620,000","15,620,000","15,559,000","0.54K","-0.38%"
"2020- 10- 31","15,620,000","15,338,000","15,620,000","15,338,000","0.54K","1.88%"
"2020- 10- 30","15,332,000","15,202,000","15,332,000","15,202,000","0.69K","0.86%"
"2020- 10- 29","15,202,000","15,065,000","15,202,000","15,065,000","0.74K","0.88%"
"2020- 10- 28","15,069,000","15,296,000","15,296,000","15,069,000","0.73K","-1.48%"
"2020- 10- 27","15,295,000","14,746,000","15,295,000","14,746,000","1.63K","3.72%"
"2020- 10- 26","14,746,000","14,684,000","14,746,000","14,684,000","0.96K","0.42%"
"2020- 10- 25","14,684,000","14,753,000","14,753,000","14,684,000","0.32K","-0.47%"
"2020- 10- 24","14,753,000","14,565,000","14,753,000","14,563,000","0.73K","1.29%"
"2020- 10- 23","14,565,000","14,575,000","14,575,000","14,565,000","0.61K","-0.04%"
"2020- 10- 22","14,571,000","14,411,000","14,571,000","14,411,000","1.17K","1.12%"
"2020- 10- 21","14,409,000","13,634,000","14,528,000","13,634,000","2.44K","5.68%"
"2020- 10- 20","13,634,000","13,398,000","13,634,000","13,398,000","0.87K","1.76%"
"2020- 10- 19","13,398,000","13,201,000","13,398,000","13,126,000","0.66K","1.45%"
"2020- 10- 18","13,207,000","13,062,000","13,207,000","13,062,000","0.26K","1.11%"
"2020- 10- 17","13,062,000","13,033,000","13,062,000","13,033,000","0.17K","0.22%"
"2020- 10- 16","13,033,000","13,220,000","13,220,000","13,033,000","0.30K","-1.41%"
"2020- 10- 15","13,219,000","13,149,000","13,219,000","13,149,000","0.63K","0.53%"
"2020- 10- 14","13,149,000","13,114,000","13,149,000","13,063,000","0.48K","0.27%"
"2020- 10- 13","13,114,000","13,180,000","13,180,000","13,114,000","0.33K","-0.46%"
"2020- 10- 12","13,174,000","12,925,000","13,174,000","12,925,000","0.80K","1.93%"
"2020- 10- 11","12,925,000","12,851,000","12,950,000","12,851,000","0.44K","0.58%"
"2020- 10- 10","12,851,000","12,624,000","12,851,000","12,624,000","0.39K","1.83%"
"2020- 10- 09","12,620,000","12,566,000","12,620,000","12,521,000","0.32K","0.43%"
"2020- 10- 08","12,566,000","12,410,000","12,566,000","12,403,000","0.39K","1.27%"
"2020- 10- 07","12,409,000","12,418,000","12,418,000","12,409,000","0.31K","-0.07%"
"2020- 10- 06","12,418,000","12,529,000","12,529,000","12,418,000","0.66K","-0.89%"
"2020- 10- 05","12,529,000","12,455,000","12,529,000","12,430,000","0.36K","0.63%"
"2020- 10- 04","12,451,000","12,385,000","12,451,000","12,385,000","0.34K","0.53%"
"2020- 10- 03","12,385,000","12,432,000","12,432,000","12,377,000","0.22K","-0.38%"
"2020- 10- 02","12,432,000","12,435,000","12,435,000","12,432,000","0.30K","-0.09%"
"2020- 10- 01","12,443,000","12,547,000","12,617,000","12,443,000","1.30K","-0.83%"
"2020- 09- 30","12,547,000","12,598,000","12,598,000","12,494,000","0.35K","-0.40%"
"2020- 09- 29","12,598,000","12,452,000","12,598,000","12,452,000","0.42K","1.19%"
"2020- 09- 28","12,450,000","12,500,000","12,500,000","12,450,000","0.68K","-0.40%"
"2020- 09- 27","12,500,000","12,489,000","12,520,000","12,489,000","0.53K","0.09%"
"2020- 09- 26","12,489,000","12,441,000","12,489,000","12,441,000","0.30K","0.39%"
"2020- 09- 25","12,441,000","12,495,000","12,495,000","12,441,000","0.60K","-0.43%"
"2020- 09- 24","12,495,000","11,949,000","12,495,000","11,949,000","1.22K","4.60%"
"2020- 09- 23","11,946,000","12,329,000","12,329,000","11,946,000","1.09K","-3.08%"
"2020- 09- 22","12,326,000","12,270,000","12,326,000","12,225,000","0.49K","0.49%"
"2020- 09- 21","12,266,000","12,823,000","12,823,000","12,266,000","1.07K","-4.36%"
"2020- 09- 20","12,825,000","12,919,000","12,919,000","12,805,000","0.51K","-0.73%"
"2020- 09- 19","12,919,000","12,769,000","12,919,000","12,769,000","0.10K","1.17%"
"2020- 09- 18","12,769,000","12,786,000","12,786,000","12,704,000","0.56K","-0.13%"
"2020- 09- 17","12,786,000","12,897,000","12,897,000","12,786,000","0.56K","-0.88%"
"2020- 09- 16","12,900,000","12,803,000","12,900,000","12,803,000","0.93K","0.76%"
"2020- 09- 15","12,803,000","12,633,000","12,827,000","12,633,000","0.63K","1.35%"
"2020- 09- 14","12,633,000","12,368,000","12,633,000","12,368,000","0.81K","2.17%"
"2020- 09- 13","12,365,000","12,360,000","12,505,000","12,290,000","0.49K","0.04%"
"2020- 09- 12","12,360,000","12,334,000","12,360,000","12,252,000","0.58K","0.23%"
"2020- 09- 11","12,332,000","12,320,000","12,332,000","12,320,000","0.44K","0.10%"
"2020- 09- 10","12,320,000","12,160,000","12,320,000","12,158,000","0.80K","1.32%"
"2020- 09- 09","12,160,000","12,127,000","12,160,000","12,127,000","0.65K","0.28%"
"2020- 09- 08","12,126,000","12,366,000","12,366,000","12,003,000","0.98K","-1.91%"
"2020- 09- 07","12,362,000","12,356,000","12,362,000","11,943,000","0.97K","0.05%"
"2020- 09- 06","12,356,000","12,368,000","12,368,000","12,214,000","0.75K","-0.06%"
"2020- 09- 05","12,363,000","12,624,000","12,626,000","12,363,000","1.81K","-2.08%"
"2020- 09- 04","12,625,000","12,296,000","12,625,000","12,296,000","1.85K","2.63%"
"2020- 09- 03","12,301,000","13,580,000","13,580,000","12,301,000","3.17K","-9.38%"
"2020- 09- 02","13,574,000","13,965,000","13,965,000","13,459,000","1.15K","-2.81%"
"2020- 09- 01","13,967,000","13,732,000","13,967,000","13,732,000","1.40K","1.74%"
"2020- 08- 31","13,728,000","13,654,000","13,728,000","13,654,000","0.62K","0.54%"
"2020- 08- 30","13,654,000","13,432,000","13,654,000","13,432,000","0.60K","1.65%"
"2020- 08- 29","13,432,000","13,521,000","13,529,000","13,432,000","0.46K","-0.67%"
"2020- 08- 28","13,522,000","13,402,000","13,522,000","13,402,000","0.56K","0.81%"
"2020- 08- 27","13,413,000","13,538,000","13,538,000","13,400,000","0.95K","-0.92%"
"2020- 08- 26","13,538,000","13,475,000","13,538,000","13,475,000","0.57K","0.50%"
"2020- 08- 25","13,471,000","13,842,000","13,842,000","13,471,000","1.51K","-2.68%"
"2020- 08- 24","13,842,000","13,801,000","13,842,000","13,801,000","0.34K","0.30%"
"2020- 08- 23","13,801,000","13,841,000","13,841,000","13,707,000","0.50K","-0.30%"
"2020- 08- 22","13,843,000","13,767,000","13,843,000","13,559,000","0.60K","0.50%"
"2020- 08- 21","13,774,000","13,944,000","13,944,000","13,774,000","1.39K","-1.22%"
"2020- 08- 20","13,944,000","13,872,000","13,944,000","13,872,000","0.64K","0.52%"
"2020- 08- 19","13,872,000","14,004,000","14,004,000","13,865,000","1.09K","-0.89%"
"2020- 08- 18","13,996,000","14,181,000","14,222,000","13,996,000","1.10K","-1.30%"
"2020- 08- 17","14,181,000","13,886,000","14,181,000","13,848,000","2.33K","2.12%"
"2020- 08- 16","13,886,000","13,881,000","13,886,000","13,804,000","0.77K","0.10%"
"2020- 08- 15","13,872,000","13,830,000","14,018,000","13,830,000","1.01K","0.30%"
"2020- 08- 14","13,830,000","13,820,000","13,830,000","13,820,000","1.24K","0.10%"
"2020- 08- 13","13,816,000","13,681,000","13,816,000","13,494,000","1.94K","0.99%"
"2020- 08- 12","13,681,000","13,610,000","13,681,000","13,595,000","0.84K","0.52%"
"2020- 08- 11","13,610,000","13,999,000","13,999,000","13,610,000","2.22K","-2.76%"
"2020- 08- 10","13,997,000","13,813,000","13,997,000","13,813,000","0.80K","1.33%"
"2020- 08- 09","13,813,000","13,868,000","13,872,000","13,813,000","0.69K","-0.40%"
"2020- 08- 08","13,868,000","13,762,000","13,868,000","13,762,000","0.65K","0.77%"
"2020- 08- 07","13,762,000","13,862,000","13,935,000","13,762,000","1.39K","-0.74%"
"2020- 08- 06","13,865,000","13,851,000","13,865,000","13,851,000","0.89K","0.10%"
"2020- 08- 05","13,851,000","13,310,000","13,851,000","13,310,000","1.17K","4.06%"
"2020- 08- 04","13,310,000","13,273,000","13,361,000","13,273,000","0.71K","0.26%"
"2020- 08- 03","13,275,000","13,034,000","13,275,000","13,034,000","1.19K","1.85%"
"2020- 08- 02","13,034,000","13,934,000","13,934,000","13,034,000","1.08K","-6.46%"
"2020- 08- 01","13,934,000","13,408,000","13,934,000","13,408,000","1.68K","3.92%"
"2020- 07- 31","13,408,000","13,100,000","13,408,000","13,100,000","1.76K","2.35%"
"2020- 07- 30","13,100,000","13,118,000","13,118,000","12,983,000","1.09K","-0.14%"
"2020- 07- 29","13,118,000","12,761,000","13,118,000","12,761,000","1.66K","2.81%"
"2020- 07- 28","12,760,000","12,913,000","13,074,000","12,760,000","1.42K","-1.16%"
"2020- 07- 27","12,910,000","11,701,000","12,910,000","11,701,000","5.19K","10.33%"
"2020- 07- 26","11,701,000","11,470,000","11,701,000","11,437,000","0.67K","2.01%"
"2020- 07- 25","11,470,000","11,334,000","11,470,000","11,334,000","0.78K","1.20%"
"2020- 07- 24","11,334,000","11,330,000","11,334,000","11,269,000","0.78K","0.04%"
"2020- 07- 23","11,330,000","11,261,000","11,330,000","11,261,000","0.83K","0.64%"
"2020- 07- 22","11,258,000","11,120,000","11,258,000","11,104,000","0.98K","1.24%"
"2020- 07- 21","11,120,000","10,943,000","11,120,000","10,943,000","0.50K","1.62%"
"2020- 07- 20","10,943,000","10,937,000","10,943,000","10,937,000","0.44K","0.03%"
"2020- 07- 19","10,940,000","10,913,000","10,940,000","10,888,000","0.57K","0.31%"
"2020- 07- 18","10,906,000","10,927,000","10,927,000","10,906,000","0.33K","-0.19%"
"2020- 07- 17","10,927,000","10,929,000","10,929,000","10,879,000","0.31K","-0.02%"
"2020- 07- 16","10,929,000","10,975,000","10,975,000","10,929,000","0.47K","-0.42%"
"2020- 07- 15","10,975,000","11,006,000","11,006,000","10,973,000","0.47K","-0.28%"
"2020- 07- 14","11,006,000","11,000,000","11,006,000","10,970,000","0.58K","0.05%"
"2020- 07- 13","11,000,000","11,022,000","11,022,000","11,000,000","0.97K","-0.20%"
"2020- 07- 12","11,022,000","10,968,000","11,022,000","10,946,000","0.52K","0.49%"
"2020- 07- 11","10,968,000","11,034,000","11,034,000","10,968,000","0.28K","-0.60%"
"2020- 07- 10","11,034,000","10,950,000","11,034,000","10,950,000","0.60K","0.77%"
"2020- 07- 09","10,950,000","11,128,000","11,137,000","10,950,000","0.84K","-1.57%"
"2020- 07- 08","11,125,000","10,971,000","11,125,000","10,971,000","0.69K","1.40%"
"2020- 07- 07","10,971,000","11,045,000","11,045,000","10,971,000","0.37K","-0.67%"
"2020- 07- 06","11,045,000","10,830,000","11,045,000","10,824,000","0.96K","2.00%"
"2020- 07- 05","10,828,000","10,887,000","10,898,000","10,772,000","0.52K","-0.54%"
"2020- 07- 04","10,887,000","10,834,000","10,966,000","10,806,000","0.47K","0.49%"
"2020- 07- 03","10,834,000","10,867,000","10,909,000","10,827,000","0.31K","-0.30%"
"2020- 07- 02","10,867,000","11,042,000","11,070,000","10,763,000","1.05K","-1.58%"
"2020- 07- 01","11,042,000","10,914,000","11,101,000","10,886,000","0.67K","1.17%"
"2020- 06- 30","10,914,000","10,970,000","10,989,000","10,866,000","0.37K","-0.51%"
"2020- 06- 29","10,970,000","10,960,000","11,030,000","10,822,000","0.62K","-0.03%"
"2020- 06- 28","10,973,000","10,908,000","11,061,000","10,757,000","0.46K","0.60%"
"2020- 06- 27","10,908,000","11,027,000","11,035,000","10,800,000","1.48K","-1.08%"
"2020- 06- 26","11,027,000","11,139,000","11,176,000","10,900,000","0.48K","-1.01%"
"2020- 06- 25","11,139,000","11,223,000","11,223,000","10,850,000","0.52K","-0.81%"
"2020- 06- 24","11,230,000","11,495,000","11,540,000","11,116,000","1.08K","-2.31%"
"2020- 06- 23","11,495,000","11,597,000","11,631,000","11,472,000","0.50K","-0.88%"
"2020- 06- 22","11,597,000","11,236,000","11,667,000","11,232,000","1.44K","3.21%"
"2020- 06- 21","11,236,000","11,314,000","11,359,000","11,232,000","0.35K","-0.69%"
"2020- 06- 20","11,314,000","11,281,000","11,349,000","11,152,000","0.43K","0.29%"
"2020- 06- 19","11,281,000","11,336,000","11,373,000","11,157,000","0.39K","-0.50%"
"2020- 06- 18","11,338,000","11,426,000","11,444,000","11,233,000","0.73K","-0.78%"
"2020- 06- 17","11,427,000","11,453,000","11,508,000","11,290,000","0.78K","-0.21%"
"2020- 06- 16","11,451,000","11,335,000","11,498,000","11,254,000","0.53K","1.02%"
"2020- 06- 15","11,335,000","11,243,000","11,403,000","10,770,000","1.26K","0.82%"
"2020- 06- 14","11,243,000","11,393,000","11,397,000","11,155,000","0.65K","-1.31%"
"2020- 06- 13","11,392,000","11,390,000","11,400,000","11,273,000","0.41K","-0.01%"
"2020- 06- 12","11,393,000","11,085,000","11,464,000","11,050,000","0.63K","2.82%"
"2020- 06- 11","11,080,000","11,738,000","11,797,000","11,050,000","3.41K","-5.61%"
"2020- 06- 10","11,738,000","11,686,000","11,744,000","11,591,000","0.89K","0.47%"
"2020- 06- 09","11,683,000","11,678,000","11,760,000","11,556,000","0.66K","0.03%"
"2020- 06- 08","11,680,000","11,681,000","11,723,000","11,575,000","0.54K","0.01%"
"2020- 06- 07","11,679,000","11,628,000","11,769,000","11,377,000","1.40K","0.36%"
"2020- 06- 06","11,637,000","11,602,000","11,698,000","11,523,000","0.40K","0.29%"
"2020- 06- 05","11,603,000","11,782,000","11,865,000","11,595,000","0.68K","-1.54%"
"2020- 06- 04","11,785,000","11,650,000","11,860,000","11,472,000","1.14K","1.16%"
"2020- 06- 03","11,650,000","11,522,000","11,661,000","11,400,000","0.75K","1.08%"
"2020- 06- 02","11,525,000","12,073,000","12,160,000","11,303,000","3.39K","-4.53%"
"2020- 06- 01","12,072,000","11,437,000","12,124,000","11,415,000","4.08K","5.55%"
"2020- 05- 31","11,437,000","11,579,000","11,584,000","11,365,000","0.93K","-1.23%"
"2020- 05- 30","11,579,000","11,405,000","11,605,000","11,319,000","1.30K","1.53%"
"2020- 05- 29","11,405,000","11,570,000","11,598,000","11,280,000","0.58K","-1.41%"
"2020- 05- 28","11,568,000","11,156,000","11,595,000","11,112,000","1.46K","3.75%"
"2020- 05- 27","11,150,000","10,737,000","11,172,000","10,729,000","1.03K","3.85%"
"2020- 05- 26","10,737,000","10,821,000","10,917,000","10,610,000","0.82K","-0.78%"
"2020- 05- 25","10,821,000","10,648,000","10,888,000","10,523,000","1.03K","1.56%"
"2020- 05- 24","10,655,000","11,134,000","11,240,000","10,648,000","2.23K","-4.30%"
"2020- 05- 23","11,134,000","11,122,000","11,295,000","11,040,000","0.57K","0.11%"
"2020- 05- 22","11,122,000","11,093,000","11,236,000","10,895,000","0.88K","0.24%"
"2020- 05- 21","11,095,000","11,516,000","11,605,000","10,796,000","3.31K","-3.71%"
"2020- 05- 20","11,523,000","11,728,000","11,777,000","11,370,000","2.69K","-1.75%"
"2020- 05- 19","11,728,000","11,686,000","11,816,000","11,462,000","0.95K","0.35%"
"2020- 05- 18","11,687,000","11,614,000","11,875,000","11,456,000","0.87K","0.63%"
"2020- 05- 17","11,614,000","11,317,000","11,815,000","11,272,000","1.57K","2.62%"
"2020- 05- 16","11,317,000","11,323,000","11,570,000","11,203,000","1.15K","-0.04%"
"2020- 05- 15","11,322,000","11,787,000","11,829,000","11,236,000","2.17K","-3.92%"
"2020- 05- 14","11,784,000","11,270,000","11,944,000","11,231,000","1.89K","4.64%"
"2020- 05- 13","11,262,000","10,675,000","11,393,000","10,654,000","2.43K","5.50%"
"2020- 05- 12","10,675,000","10,437,000","10,845,000","10,397,000","1.69K","2.28%"
"2020- 05- 11","10,437,000","10,690,000","11,256,000","10,137,000","5.09K","-2.43%"
"2020- 05- 10","10,697,000","11,544,000","11,573,000","10,200,000","4.03K","-7.34%"
"2020- 05- 09","11,544,000","11,878,000","11,958,000","11,450,000","1.39K","-2.81%"
"2020- 05- 08","11,878,000","12,004,000","12,162,000","11,810,000","1.77K","-1.10%"
"2020- 05- 07","12,010,000","11,271,000","12,070,000","11,140,000","5.52K","6.56%"
"2020- 05- 06","11,271,000","10,980,000","11,445,000","10,880,000","2.30K","2.74%"
"2020- 05- 05","10,970,000","10,845,000","11,019,000","10,744,000","1.21K","1.23%"
"2020- 05- 04","10,837,000","10,889,000","10,949,000","10,450,000","1.54K","-0.48%"
"2020- 05- 03","10,889,000","10,881,000","11,127,000","10,714,000","1.45K","0.13%"
"2020- 05- 02","10,875,000","10,764,000","10,927,000","10,654,000","1.23K","1.03%"
"2020- 05- 01","10,764,000","10,461,000","11,037,000","10,445,000","1.67K","2.78%"
"2020- 04- 30","10,473,000","10,538,000","11,428,000","10,279,000","3.26K","-0.62%"
"2020- 04- 29","10,538,000","9,413,000","10,700,000","9,379,000","5.68K","11.93%"
"2020- 04- 28","9,415,000","9,485,000","9,485,000","9,344,000","0.68K","-0.68%"
"2020- 04- 27","9,479,000","9,365,000","9,486,000","9,307,000","1.14K","1.24%"
"2020- 04- 26","9,363,000","9,163,000","9,363,000","9,150,000","1.22K","2.17%"
"2020- 04- 25","9,164,000","9,100,000","9,254,000","9,053,000","0.82K","0.71%"
"2020- 04- 24","9,099,000","9,056,000","9,229,000","8,999,000","0.71K","0.54%"
"2020- 04- 23","9,050,000","8,644,000","9,168,000","8,564,000","2.66K","4.72%"
"2020- 04- 22","8,642,000","8,406,000","8,670,000","8,390,000","0.99K","2.80%"
"2020- 04- 21","8,407,000","8,385,000","8,496,000","8,310,000","0.86K","0.23%"
"2020- 04- 20","8,388,000","8,660,000","8,727,000","8,350,000","2.26K","-3.14%"
"2020- 04- 19","8,660,000","8,714,000","8,736,000","8,563,000","0.72K","-0.69%"
"2020- 04- 18","8,720,000","8,523,000","8,754,000","8,515,000","1.18K","2.28%"
"2020- 04- 17","8,526,000","8,561,000","8,605,000","8,480,000","0.84K","-0.40%"
"2020- 04- 16","8,560,000","8,105,000","8,610,000","7,926,000","1.44K","5.54%"
"2020- 04- 15","8,111,000","8,370,000","8,418,000","8,094,000","1.06K","-3.19%"
"2020- 04- 14","8,378,000","8,376,000","8,464,000","8,270,000","0.81K","-0.12%"
"2020- 04- 13","8,388,000","8,468,000","8,468,000","8,168,000","1.25K","-0.90%"
"2020- 04- 12","8,464,000","8,460,000","8,750,000","8,343,000","1.91K","-0.01%"
"2020- 04- 11","8,465,000","8,414,000","8,537,000","8,319,000","1.06K","0.62%"
"2020- 04- 10","8,413,000","8,805,000","8,825,000","8,242,000","1.81K","-4.52%"
"2020- 04- 09","8,811,000","8,820,000","8,852,000","8,644,000","0.88K","-0.19%"
"2020- 04- 08","8,828,000","8,647,000","8,909,000","8,624,000","1.19K","2.07%"
"2020- 04- 07","8,649,000","8,797,000","8,965,000","8,542,000","2.12K","-1.60%"
"2020- 04- 06","8,790,000","8,184,000","8,799,000","8,184,000","3.05K","7.38%"
"2020- 04- 05","8,186,000","8,250,000","8,275,000","8,106,000","0.92K","-0.76%"
"2020- 04- 04","8,249,000","8,154,000","8,325,000","8,101,000","1.71K","1.20%"
"2020- 04- 03","8,151,000","8,175,000","8,426,000","8,051,000","1.84K","-0.26%"
"2020- 04- 02","8,172,000","8,067,000","8,499,000","7,986,000","6.34K","1.33%"
"2020- 04- 01","8,065,000","7,795,000","8,082,000","7,534,000","3.25K","3.46%"
"2020- 03- 31","7,795,000","7,793,000","7,976,000","7,740,000","1.08K","0.05%"
"2020- 03- 30","7,791,000","7,219,000","8,019,000","7,201,000","2.90K","7.92%"
"2020- 03- 29","7,219,000","7,652,000","7,684,000","7,219,000","2.07K","-5.70%"
"2020- 03- 28","7,655,000","7,885,000","7,885,000","7,404,000","1.72K","-2.92%"
"2020- 03- 27","7,885,000","8,274,000","8,355,000","7,823,000","1.90K","-4.68%"
"2020- 03- 26","8,272,000","8,270,000","8,338,000","8,088,000","1.54K","0.00%"
"2020- 03- 25","8,272,000","8,360,000","8,510,000","8,080,000","1.39K","-1.05%"
"2020- 03- 24","8,360,000","8,049,000","8,399,000","7,901,000","2.73K","3.86%"
"2020- 03- 23","8,049,000","7,376,000","8,152,000","7,234,000","3.84K","9.09%"
"2020- 03- 22","7,378,000","7,743,000","7,969,000","7,333,000","3.32K","-4.69%"
"2020- 03- 21","7,741,000","7,785,000","8,083,000","7,420,000","2.85K","-0.55%"
"2020- 03- 20","7,784,000","7,673,000","8,630,000","7,358,000","7.32K","1.45%"
"2020- 03- 19","7,673,000","6,738,000","8,114,000","6,616,000","8.89K","13.76%"
"2020- 03- 18","6,745,000","6,770,000","6,890,000","6,372,000","3.31K","-0.49%"
"2020- 03- 17","6,778,000","6,382,000","6,885,000","6,262,000","4.16K","6.20%"
"2020- 03- 16","6,382,000","6,902,000","6,909,000","6,000,000","5.56K","-7.53%"
"2020- 03- 15","6,902,000","6,822,000","7,298,000","6,660,000","4.42K","1.17%"
"2020- 03- 14","6,822,000","7,283,000","7,288,000","6,607,000","2.31K","-6.11%"
"2020- 03- 13","7,266,000","6,352,000","7,499,000","5,499,000","9.61K","14.44%"
"2020- 03- 12","6,349,000","9,515,000","9,535,000","6,000,000","8.81K","-33.27%"
"2020- 03- 11","9,514,000","9,550,000","9,605,000","9,133,000","1.82K","-0.35%"
"2020- 03- 10","9,547,000","9,733,000","9,847,000","9,405,000","1.88K","-1.87%"
"2020- 03- 09","9,729,000","9,864,000","10,045,000","9,349,000","2.07K","-1.36%"
"2020- 03- 08","9,863,000","10,691,000","10,691,000","9,810,000","3.33K","-7.74%"
"2020- 03- 07","10,690,000","10,854,000","10,971,000","10,637,000","1.13K","-1.51%"
"2020- 03- 06","10,854,000","10,786,000","10,887,000","10,719,000","0.37K","0.66%"
"2020- 03- 05","10,783,000","10,489,000","10,873,000","10,488,000","0.68K","2.77%"
"2020- 03- 04","10,492,000","10,509,000","10,577,000","10,413,000","0.45K","-0.16%"
"2020- 03- 03","10,509,000","10,673,000","10,681,000","10,406,000","0.99K","-1.62%"
"2020- 03- 02","10,682,000","10,361,000","10,746,000","10,321,000","0.81K","3.14%"
"2020- 03- 01","10,357,000","10,378,000","10,552,000","10,279,000","0.82K","-0.23%"
"2020- 02- 29","10,381,000","10,558,000","10,637,000","10,375,000","0.40K","-1.68%"
"2020- 02- 28","10,558,000","10,686,000","10,822,000","10,297,000","0.80K","-1.27%"
"2020- 02- 27","10,694,000","10,727,000","10,859,000","10,298,000","0.96K","-0.33%"
"2020- 02- 26","10,729,000","11,325,000","11,401,000","10,610,000","2.41K","-5.28%"
"2020- 02- 25","11,327,000","11,625,000","11,643,000","11,279,000","1.06K","-2.56%"
"2020- 02- 24","11,624,000","11,747,000","11,838,000","11,537,000","0.78K","-1.11%"
"2020- 02- 23","11,754,000","11,486,000","11,800,000","11,476,000","0.61K","2.36%"
"2020- 02- 22","11,483,000","11,500,000","11,530,000","11,397,000","0.28K","-0.14%"
"2020- 02- 21","11,499,000","11,526,000","11,613,000","11,454,000","0.55K","-0.24%"
"2020- 02- 20","11,527,000","11,422,000","11,585,000","11,350,000","0.90K","0.89%"
"2020- 02- 19","11,425,000","11,835,000","11,955,000","11,357,000","2.60K","-3.37%"
"2020- 02- 18","11,823,000","11,432,000","11,893,000","11,321,000","1.94K","3.46%"
"2020- 02- 17","11,428,000","11,658,000","11,680,000","11,139,000","1.26K","-1.99%"
"2020- 02- 16","11,660,000","11,500,000","11,760,000","11,325,000","1.70K","1.42%"
"2020- 02- 15","11,497,000","11,864,000","11,887,000","11,486,000","2.22K","-3.07%"
"2020- 02- 14","11,861,000","11,803,000","11,894,000","11,718,000","0.85K","0.53%"
"2020- 02- 13","11,798,000","11,804,000","11,998,000","11,623,000","0.76K","-0.06%"
"2020- 02- 12","11,805,000","11,783,000","11,910,000","11,752,000","1.10K","0.19%"
"2020- 02- 11","11,783,000","11,528,000","11,930,000","11,280,000","1.82K","2.22%"
"2020- 02- 10","11,527,000","11,837,000","11,867,000","11,403,000","0.71K","-2.62%"
"2020- 02- 09","11,837,000","11,579,000","11,850,000","11,560,000","0.85K","2.22%"
"2020- 02- 08","11,580,000","11,500,000","11,602,000","11,268,000","0.88K","0.70%"
"2020- 02- 07","11,500,000","11,284,000","11,618,000","11,271,000","0.56K","2.03%"
"2020- 02- 06","11,271,000","11,050,000","11,384,000","10,918,000","0.84K","2.00%"
"2020- 02- 05","11,050,000","10,645,000","11,108,000","10,602,000","1.64K","3.89%"
"2020- 02- 04","10,636,000","10,755,000","10,799,000","10,501,000","0.79K","-1.20%"
"2020- 02- 03","10,765,000","10,760,000","10,978,000","10,735,000","0.67K","0.05%"
"2020- 02- 02","10,760,000","10,816,000","10,875,000","10,673,000","0.54K","-0.62%"
"2020- 02- 01","10,827,000","10,785,000","10,899,000","10,777,000","0.50K","0.44%"
"2020- 01- 31","10,780,000","10,766,000","10,840,000","10,646,000","0.62K","0.04%"
"2020- 01- 30","10,776,000","10,669,000","10,862,000","10,531,000","1.85K","0.95%"
"2020- 01- 29","10,675,000","10,562,000","10,773,000","10,500,000","0.89K","0.96%"
"2020- 01- 28","10,573,000","10,139,000","10,582,000","10,139,000","1.55K","4.36%"
"2020- 01- 27","10,131,000","9,966,000","10,263,000","9,944,000","1.49K","1.75%"
"2020- 01- 26","9,957,000","9,747,000","9,988,000","9,711,000","0.81K","2.28%"
"2020- 01- 25","9,735,000","9,809,000","9,810,000","9,667,000","0.24K","-0.65%"
"2020- 01- 24","9,799,000","9,761,000","9,881,000","9,624,000","0.45K","0.47%"
"2020- 01- 23","9,753,000","9,925,000","9,929,000","9,620,000","0.83K","-1.75%"
"2020- 01- 22","9,927,000","9,965,000","10,083,000","9,847,000","0.57K","-0.36%"
"2020- 01- 21","9,963,000","9,842,000","10,012,000","9,788,000","1.17K","1.23%"
"2020- 01- 20","9,842,000","9,911,000","9,953,000","9,771,000","0.71K","-0.64%"
"2020- 01- 19","9,905,000","10,092,000","10,471,000","9,747,000","1.26K","-1.85%"
"2020- 01- 18","10,092,000","9,993,000","10,158,000","9,939,000","1.01K","0.92%"
"2020- 01- 17","10,000,000","9,787,000","10,214,000","9,727,000","1.15K","2.20%"
"2020- 01- 16","9,785,000","9,729,000","9,840,000","9,565,000","0.73K","0.54%"
"2020- 01- 15","9,732,000","9,705,000","9,915,000","9,531,000","1.60K","0.26%"
"2020- 01- 14","9,707,000","9,170,000","9,801,000","9,170,000","3.97K","5.80%"
"2020- 01- 13","9,175,000","9,218,000","9,225,000","9,100,000","0.35K","-0.47%"
"2020- 01- 12","9,218,000","9,062,000","9,253,000","9,020,000","0.63K","1.70%"
"2020- 01- 11","9,064,000","9,234,000","9,341,000","9,035,000","1.17K","-1.78%"
"2020- 01- 10","9,228,000","8,941,000","9,260,000","8,750,000","2.33K","3.15%"
"2020- 01- 09","8,946,000","9,095,000","9,127,000","8,886,000","1.18K","-1.65%"
"2020- 01- 08","9,096,000","9,391,000","9,742,000","9,013,000","4.04K","-3.14%"
"2020- 01- 07","9,391,000","8,856,000","9,436,000","8,855,000","2.85K","6.05%"
"2020- 01- 06","8,855,000","8,461,000","8,883,000","8,455,000","1.26K","4.67%"
"2020- 01- 05","8,460,000","8,477,000","8,633,000","8,430,000","0.69K","-0.22%"
"2020- 01- 04","8,479,000","8,475,000","8,510,000","8,388,000","0.48K","0.08%"
"2020- 01- 03","8,472,000","8,046,000","8,524,000","7,909,000","0.90K","5.29%"
"2020- 01- 02","8,046,000","8,304,000","8,308,000","8,033,000","0.96K","-3.12%"
"2020- 01- 01","8,305,000","8,309,000","8,362,000","8,289,000","0.32K","-0.04%"